"ListingId";"MarketplaceName";"InvalidField"
"890bdc6c-f5f8-4b43-8d71-92ec058e5dd0";"AMAZON";"listing_status"
"f0131bf7-ed20-4ab4-af36-c838817a6275";"AMAZON";"owner_email_address"
"dacb8f13-2777-49ff-aaf6-4eb7bfa5ebef";"EBAY";"listing_price"
"1b41cabb-9f61-45d4-b85d-3d17830acd2c";"AMAZON";"owner_email_address"
"8e0276a4-6679-4127-b42a-cc24c1328305";"AMAZON";"upload_time"
"16facbea-9814-49c5-af74-08ca31584594";"AMAZON";"owner_email_address"
"76c50a16-069e-4cd4-9f23-b5f45e1b597b";"EBAY";"listing_status"
"9bb7cdaf-1b8d-446f-ac61-3786fb53e80c";"AMAZON";"owner_email_address"
"3aa82e38-d2a3-4f5e-94dc-faf0993ced05";"EBAY";"owner_email_address"
"c9eba1c2-b003-4dc6-ad22-76e0e5d1f944";"AMAZON";"listing_price"
"c3e1aeaa-c431-44d5-a313-a72bebfb983c";"AMAZON";"owner_email_address"
"ff20a7db-c29b-492f-9aae-d8ac7a02a04f";"EBAY";"upload_time"
"0145db3c-2a95-4831-a377-770093e8e1ad";"EBAY";"upload_time"
"7145fd67-913e-4c80-9dde-a835d2f14977";"EBAY";"listing_price"
"3bef5d83-9a68-4a38-9cb2-e2490eb14487";"AMAZON";"listing_status"
"50f5abad-8a68-40bb-8cf8-a168b0083740";"EBAY";"listing_status"
"974972a1-9bf0-4ee9-86e0-74f78b7ed761";"AMAZON";"owner_email_address"
"46d27f34-b8e8-4ff4-a1b9-86a25dc14180";"EBAY";"owner_email_address"
"a4a9b35e-09e1-40a9-a45e-030980e70cb4";"EBAY";"upload_time"
"a3d24eb6-6af0-43b7-bbf8-065573faa013";"EBAY";"listing_price"
"2de51ce7-26b5-45f4-ad1d-9875971cdb2a";"AMAZON";"listing_status"
"8af1fbb3-82c0-49c2-8fd2-9dfb624e05d3";"AMAZON";"listing_status"
"cbda9129-c813-4072-8a12-3482955d2dfb";"EBAY";"upload_time"
"579e6e8b-67e2-44a5-9759-f5fa2b8e12aa";"EBAY";"listing_status"
"0841d07b-399a-4ee0-899f-04a0ba1f8524";"AMAZON";"listing_status"
"eee8f7bb-68ae-437f-897d-5d0b3e555923";"AMAZON";"owner_email_address"
"adb62526-2072-4e9d-87a9-9ecfae20df31";"AMAZON";"listing_status"
"ab5f3e36-f6c8-46fb-b219-b076259f4fb9";"AMAZON";"owner_email_address"
"62538276-107c-468b-a57e-3bac43aa9909";"EBAY";"listing_status"
"9f2dd0e3-4694-440d-a1f5-e5b07eefec1c";"EBAY";"owner_email_address"
"191c2aac-2b66-47e4-9719-99c6ca6c8ea0";"EBAY";"owner_email_address"
"fc290dd2-1d25-4c54-8269-6d4641f7656e";"AMAZON";"listing_status"
"89897fab-eb1e-4420-a68d-97a852d9018b";"EBAY";"owner_email_address"
"3c440194-51de-4629-9ca8-bb16d4cc2675";"EBAY";"upload_time"
"982148a3-15ed-4fe2-8fbf-a0b32ba252d2";"AMAZON";"upload_time"
"25e19ec3-e16c-4869-b6b3-a4271338b2fc";"AMAZON";"listing_price"
"fda7e07b-7d97-47d0-a3d5-a0d400249501";"EBAY";"owner_email_address"
"ccc15c01-e2b9-45de-a105-ec0c045eab55";"EBAY";"owner_email_address"
"a1a20fcf-ba71-433b-ad7b-2035eb9cef9d";"AMAZON";"listing_status"
"eeced663-37d5-4c49-bd28-195efb174238";"EBAY";"listing_status"
"14be3d30-daa5-4ea8-a3c4-535f736265e7";"AMAZON";"listing_price"
"18d507cd-7a25-4b6c-bcae-b28ae1247774";"AMAZON";"listing_price"
"b9fa7965-f68b-4236-ac02-86a7d1718584";"EBAY";"upload_time"
"53b97d82-f659-4890-8c11-1ad761069a4c";"EBAY";"owner_email_address"
"dd8b5fa0-149f-4188-96c1-59d3d6066e5c";"EBAY";"owner_email_address"
"fbb01f91-88c0-49a0-ac6d-ed873a91f4e2";"AMAZON";"owner_email_address"
"f4de4012-0b9d-4efd-a1bf-2a4a8ce09fed";"EBAY";"listing_status"
"3c3dc985-228b-44e6-abf4-fac2dca02242";"EBAY";"listing_status"
"96c30700-3913-4d4a-9e85-5f5b96bae0f5";"EBAY";"listing_price"
"80bc0f41-d1a3-47a8-9c09-bd489b14b9c2";"AMAZON";"owner_email_address"
"2447dce5-9d85-43e0-a64e-7a9471b2c193";"AMAZON";"upload_time"
"8579c818-8c34-43f8-ab9e-1372e10cf3b6";"AMAZON";"owner_email_address"
"a873a8f8-fc68-4151-a5db-138561354b21";"AMAZON";"listing_price"
"c3279aa0-d5e2-49cc-aad5-3e6d09ab8fc0";"AMAZON";"owner_email_address"
"fc273117-c1fd-4bb3-935d-4a97ad6c552c";"EBAY";"listing_price"
"bea2cf7f-8ad5-451f-8486-a96685eceed0";"AMAZON";"listing_status"
"1278e035-1747-4ec0-9735-0e4d0c13d4a8";"EBAY";"upload_time"
"219a56de-366c-491e-8bfd-0d38a3574463";"AMAZON";"owner_email_address"
"5fd5f8cc-e9da-4b7f-a2fc-7a8858ebd9b8";"EBAY";"listing_price"
"27c4d54f-88c6-45b7-8b63-af9390fcdb40";"EBAY";"listing_status"
"ad550684-64c2-4496-8519-ff8129ab92dd";"AMAZON";"listing_status"
"fc4051b6-df7d-4500-b011-9444ac79ff25";"EBAY";"owner_email_address"
"d9d2498d-358b-465e-89f0-7b0804a5adb5";"EBAY";"listing_status"
"8d397742-bb50-4a0d-9479-bdb93e8f529a";"EBAY";"listing_status"
"b867f36b-b872-45c2-8cb4-39b0370b1b0d";"EBAY";"upload_time"
"494b1f59-0624-4d7f-87a7-6dffcd2cfb07";"EBAY";"owner_email_address"
"0293e60b-4de9-419c-83da-bbc00babaa66";"AMAZON";"listing_status"
"510daf0d-1e24-4ce4-8537-01ad7c4e4ec2";"AMAZON";"listing_price"
"c035ea2c-41d4-4a1a-be0e-746630506f50";"AMAZON";"upload_time"
"5cd7d3f7-d583-4835-ba59-c474ceacbcdc";"AMAZON";"owner_email_address"
"4f11cf3b-1f36-413e-8b2c-2546a655190c";"EBAY";"listing_status"
"d159485f-6d67-4de2-87b7-e5577ee6bc1f";"EBAY";"listing_status"
"20e5582c-1fec-4bfb-af48-381b385474da";"EBAY";"upload_time"
"3b2d9952-8450-4e95-a11a-179aa5a04956";"EBAY";"owner_email_address"
"2d4aa5d6-cb28-4268-953f-bd4a8dd6c071";"EBAY";"listing_price"
"691e0829-0953-49a4-ac48-945811317e7b";"AMAZON";"owner_email_address"
"286abb5b-88bf-4ffb-befb-d364ecc7c514";"EBAY";"listing_status"
"555023a4-094c-4fb4-88f0-a933fbcba0be";"EBAY";"listing_price"
"9554425d-49b5-454a-b673-692fb87a1948";"AMAZON";"listing_price"
"c321c0b9-d090-46c0-993c-ab2dd790c60a";"EBAY";"listing_price"
"fd099cdd-842b-4421-94f3-6441998c45ac";"AMAZON";"listing_status"
"056997b9-66b9-4a15-ae94-c25e61abb9d4";"AMAZON";"upload_time"
"e065f818-b96a-456f-9892-3b9986e256eb";"AMAZON";"owner_email_address"
"572876d4-e986-47e6-893e-9922ce10ac42";"EBAY";"upload_time"
"ef6e1d31-56f8-40ab-b5ce-846ae21ccc34";"AMAZON";"listing_price"
"c128a1c1-88ac-4c48-9f79-be871c47a8e3";"EBAY";"listing_price"
"bc55bfc3-8e18-438e-b06b-1c29358d66bd";"EBAY";"upload_time"
"99122f05-9a71-4ceb-aae4-e2873b596aba";"AMAZON";"listing_status"
"e448d4b6-d1d9-4a43-b082-d5e59ad25e90";"AMAZON";"listing_status"
"4c9ced07-f1ce-46c3-803c-d4fec716cc4f";"AMAZON";"owner_email_address"
"1879eff4-d1c6-48a5-b153-bcb1ad9540e6";"EBAY";"listing_price"
"771b44ce-5eb6-4a51-a23e-fe7ca84c8a7e";"AMAZON";"upload_time"
"30aa2651-0f47-4250-86b2-1eb73f66eebc";"AMAZON";"listing_price"
"e827befb-9a17-4d93-b431-59fe56f69c0f";"AMAZON";"upload_time"
"66e0fc99-bcc6-4f3c-a262-0c8df107c94f";"AMAZON";"listing_status"
"2d368995-76f2-4c02-a09c-1f4d76ee0d0c";"EBAY";"upload_time"
"b0d51d16-9e9f-4476-a8f1-c3f1b8db8555";"EBAY";"owner_email_address"
"5945842a-821c-49fc-b807-1a380d55904c";"AMAZON";"upload_time"
"67f37a97-7e94-4137-a89e-110cdfd36c12";"EBAY";"listing_status"
"ea097526-694c-4f52-8179-22271c5a42a4";"EBAY";"listing_status"
"29879045-60e9-4f4d-97a5-0516a56645d6";"AMAZON";"upload_time"
"f5f94c63-cee9-4c3f-bf41-065e085211d0";"EBAY";"listing_status"
"2554371f-2e36-4398-a96d-045e9ab57b47";"AMAZON";"owner_email_address"
"8986171b-1ceb-4443-b429-51c0a922d04a";"EBAY";"upload_time"
"04d45f91-ade7-4e5b-9b7d-4050f4854106";"EBAY";"owner_email_address"
"2717cfc8-3822-4205-9cae-2f09735ba92f";"EBAY";"owner_email_address"
"ca2b72c7-d2f9-4e16-a184-3d3ed3bc1127";"AMAZON";"owner_email_address"
"6218facb-99d3-495a-8296-534d7898b7a8";"EBAY";"listing_price"
"6099d29a-ddd4-4a59-ba3b-676a4331b231";"AMAZON";"owner_email_address"
"67f66d2b-0f79-4fa1-ab8d-7d0e59d520d9";"EBAY";"listing_status"
"b6b0023d-7ee7-438f-9f6c-9f209862b322";"EBAY";"owner_email_address"
"c6679b56-0f5c-4c86-b671-b0badb330945";"EBAY";"listing_status"
"6ee0c681-b603-409f-85c9-81f982a9542e";"AMAZON";"owner_email_address"
"4cdb0f74-c7ad-48e3-8515-c872b88cf20a";"AMAZON";"owner_email_address"
"588127ec-c0f0-42d4-afcb-02d3dc5006de";"AMAZON";"listing_status"
"3abfacb0-64e5-4e68-a587-da15d1b07ebc";"AMAZON";"owner_email_address"
"b0d13ba4-a2bb-4f1d-9005-da654b2d22fe";"AMAZON";"owner_email_address"
"900bb514-00e4-42cd-8294-b52ccddbc170";"AMAZON";"upload_time"
"c8a06a37-d35e-4faa-83c9-b41e410a2df9";"EBAY";"owner_email_address"
"42ffc3db-248b-4d03-80b3-b8888ffcb7e3";"EBAY";"listing_status"
"d54a3458-0496-48ee-860b-48290b0f53a1";"AMAZON";"listing_status"
"ada2846a-dc81-4743-be1d-c251ad8ec88f";"EBAY";"owner_email_address"
"bddf2064-4e84-4063-8980-39a905a1ca13";"AMAZON";"listing_price"
"3eadc541-8fe3-47f1-8d08-af7b162f81e9";"AMAZON";"owner_email_address"
"166e7430-6800-450d-957f-32b77d830150";"AMAZON";"listing_status"
"65d218e0-eec6-4296-9bc8-368c9d13f40d";"AMAZON";"listing_status"
"6d941991-fc26-42b9-b4c4-66a104b668e2";"EBAY";"owner_email_address"
"72d052fc-d91f-4e8a-ab99-ce0b1498f14e";"EBAY";"listing_price"
"5075e0fa-2a17-4bba-86d5-a3d1b00ff810";"AMAZON";"listing_status"
"f7af132b-8a94-4119-a055-c620a1fca513";"EBAY";"listing_status"
"0bac4e5c-3049-42cd-b433-79c35a79ed0c";"EBAY";"upload_time"
"286a287f-2b29-4518-b900-55a75eb1de0b";"EBAY";"upload_time"
"858fb7d4-337d-430c-857a-3e17629b99b1";"EBAY";"owner_email_address"
"5fdf1c01-05b1-4c1e-aaa1-630f227cccf3";"EBAY";"listing_price"
"a6ad082c-a237-4aed-aa75-8333833a18ba";"EBAY";"listing_price"
"abe71f74-3658-455c-8bd0-3b9461eb905e";"AMAZON";"owner_email_address"
"e6f4e122-ba3e-497b-80ee-70755d199aca";"EBAY";"listing_price"
"94d86c56-c8f9-44bd-b230-153036d22592";"EBAY";"owner_email_address"
"1cebf9f6-c528-4877-bb3a-cefdd8fef9d1";"EBAY";"owner_email_address"
"0ce3526c-76de-47d4-9b33-2a4d86554cdc";"AMAZON";"owner_email_address"
"95265e87-d107-48a7-8b17-d19ca990ddf0";"AMAZON";"listing_price"
"86d49f04-7da8-4869-aeae-b267e1fc05a2";"EBAY";"owner_email_address"
"da95063a-d268-4845-b80b-38a4c9d738c2";"EBAY";"listing_price"
"793c4a90-2d51-4747-9a11-78bcee23eec1";"EBAY";"listing_price"
"dd62cc4d-a157-425b-89ee-b7a615bb4c56";"AMAZON";"owner_email_address"
"1cbf922d-ff61-4c10-9e1e-5aabe52abbd0";"AMAZON";"listing_status"
"f6ecde75-e20b-4754-9c5d-ac04392f6aec";"EBAY";"listing_status"
"de942b70-dc0f-47d4-95ff-704a6e5dd146";"EBAY";"listing_price"
"280b1204-2e26-4595-899c-5456237bf415";"AMAZON";"listing_price"
"e8021275-ff37-4ec1-98cd-cb22228cb78f";"EBAY";"listing_status"
"2d41fe3e-4217-4dcd-a421-742a60c4bbe0";"EBAY";"upload_time"
"1ac2b90f-f1a2-4910-a700-07306283d370";"AMAZON";"listing_status"
"76e6eb07-2406-46c3-9c17-01ecbcdf900f";"EBAY";"owner_email_address"
"0048c769-4d0e-4365-bd63-0e1cfbb66326";"AMAZON";"listing_status"
"c998f813-9b2b-45dc-91de-cdd35d025de7";"EBAY";"listing_status"
"b8b725d8-3150-48d8-baeb-d7c36454444e";"AMAZON";"upload_time"
"8c0fb361-b874-4526-b659-b312d3c488f3";"EBAY";"listing_status"
"970ea397-0a78-488a-81b8-6a08f6cd2949";"EBAY";"listing_status"
"74e7d53c-505d-4ba4-a4b6-fbea76986328";"EBAY";"listing_price"
"f16815f2-3943-4c11-a98c-9c40c882d425";"EBAY";"owner_email_address"
"59f99e56-9c15-4ed7-a87b-a00540417ad5";"EBAY";"owner_email_address"
"5d3ffaf4-e484-4038-9704-de82e06f1952";"AMAZON";"listing_status"
"7518a63a-f174-49cc-b004-6ecbce4e794d";"AMAZON";"owner_email_address"
"23becfa2-57ce-4e1b-950f-c4cf2ffc1477";"AMAZON";"listing_status"
"ae840606-5c03-472e-95cc-df71a47706f2";"AMAZON";"upload_time"
"eae09178-7ac2-4489-b126-4251c9b0c1ec";"AMAZON";"upload_time"
"d3e2d73d-bb60-4551-b830-1e1481eeb9b7";"EBAY";"listing_status"
"de0fd6e0-2164-4cb5-a952-c34fb2652941";"EBAY";"listing_status"
"9fc9292f-6521-4985-84da-d26e3db55667";"AMAZON";"listing_status"
"2f5a05b5-cf53-4e17-80d4-cc3207d8dcb7";"AMAZON";"listing_status"
"d9b71cae-7756-445e-b34f-c34df2c01e47";"EBAY";"listing_price"
"0f598e39-30f2-4fed-a82e-d8898eb47290";"AMAZON";"owner_email_address"
"38b5c996-06ac-490e-815b-8301fa7e6aab";"EBAY";"owner_email_address"
"06381d0f-faea-44ed-b9fd-3de54e5e006a";"EBAY";"owner_email_address"
"9c6fe38b-aea9-49a1-b208-5b21fb581431";"AMAZON";"listing_price"
"c7acd534-63be-466b-a3c3-2179b9a5cc8a";"EBAY";"owner_email_address"
"0d202e2b-51db-4634-acc7-9d4c283dbfd0";"EBAY";"owner_email_address"
"6adc55d0-eb59-4d0c-bd57-b69160699d3c";"EBAY";"upload_time"
"df5d2e66-be1d-43b9-8b99-9b5497ce1ea2";"AMAZON";"upload_time"
"c07d89ba-40d4-49e9-ab52-f321d6d3c697";"AMAZON";"listing_status"
"d7b1bc02-aa06-43ee-a42d-b6a8f5486c57";"EBAY";"listing_status"
"af3e9469-7213-4e57-a96f-e4848363d503";"AMAZON";"listing_status"
"2ae002e8-2553-4fcd-8c32-307462717e28";"AMAZON";"owner_email_address"
"8318514b-0812-4ca6-bc23-365a8715649c";"EBAY";"listing_price"
"b9341fdc-ef1d-4644-bf11-c6b597a63987";"AMAZON";"upload_time"
"704e386f-e652-4e23-8cdc-c1faa45e7744";"EBAY";"listing_price"
"eea4b9e6-eefb-4539-aa76-1f8fa332182f";"AMAZON";"owner_email_address"
"958d3f0e-a15b-491e-a8ee-817f25d53a6c";"AMAZON";"owner_email_address"
"400d8657-2713-492f-a6a9-2079e1128ba0";"AMAZON";"listing_price"
"7af65054-5f70-4984-a083-b01795012587";"AMAZON";"listing_price"
"4fa0764e-3290-4d4d-92c7-c2ff1249499e";"AMAZON";"listing_status"
"c701f076-a368-41cb-aa97-65a694c4d2c0";"AMAZON";"listing_status"
"d4093d99-e3fe-4ab9-b5f3-21b48272c415";"AMAZON";"owner_email_address"
"930fc339-7371-4e7d-b05f-7550fc371572";"AMAZON";"owner_email_address"
"39a87637-4bea-4250-98f9-fc4afd0d379b";"EBAY";"upload_time"
"4ddbc2d9-f1de-4095-bf7a-2e28185e32a2";"EBAY";"listing_price"
"9d58af01-dc68-411e-89b0-62dbe82660c9";"EBAY";"owner_email_address"
"da94e5b3-1e4d-4cb4-b0ba-c467a49b491e";"EBAY";"owner_email_address"
"725132df-41b6-4b49-8f7e-3d8bde96079a";"AMAZON";"listing_price"
"5eb78870-2b25-4ef1-ad66-5c5dcf73ddbc";"EBAY";"listing_status"
"7efc176f-83b5-4654-9d27-42bcc681aa00";"EBAY";"listing_status"
"0eecb73e-09da-41e0-8d11-120d38567135";"AMAZON";"owner_email_address"
"14b57c11-aa9a-409e-a20d-7ce7c9846bb6";"EBAY";"upload_time"
"7efdfbea-e166-4f24-b268-ca54577243b2";"EBAY";"owner_email_address"
"8d5005c3-a0d9-4171-963a-c4a3e156b434";"AMAZON";"upload_time"
"f36dbc32-ea4e-4cd8-a7b9-ebbeb573e409";"AMAZON";"listing_status"
"ce7b269f-4c87-4491-9d22-7302f66152b3";"EBAY";"listing_status"
"68153b80-3172-4107-914e-09d0e4195684";"EBAY";"owner_email_address"
"cc89655d-05c1-41f6-abb4-a34a89dea06c";"EBAY";"listing_status"
"28c7b479-43e7-4dd3-9525-f2864c0d73eb";"EBAY";"listing_status"
"f3eb13ee-ed70-4b20-ad49-c489c1b35a98";"EBAY";"owner_email_address"
"44406ae2-708e-444c-82aa-80855ae6c2f0";"AMAZON";"listing_status"
"820291c7-3f78-40e3-9816-f349b7af7bda";"EBAY";"owner_email_address"
"27d44a57-2d99-42cd-a134-3f438932e3cb";"EBAY";"owner_email_address"
"40f1766c-0a3f-4b2b-b8d0-5ccaae6be310";"EBAY";"owner_email_address"
"470e7d86-e490-4483-ba8f-3c80ad7cdb28";"EBAY";"listing_status"
"9eedfeaf-c128-44d5-b8c7-7f36122e74e0";"EBAY";"owner_email_address"
"127df048-85ef-4ff7-b09b-65d57f068a07";"AMAZON";"owner_email_address"
"df458ee4-c04b-4da5-a502-53dcff0356b5";"EBAY";"owner_email_address"
"55a78ca6-3a50-4bfc-becf-a2147c6dc4a8";"AMAZON";"listing_status"
"3752cba7-3a0d-46a4-9483-d1708b4ab536";"AMAZON";"owner_email_address"
"2a42801c-b8d3-4443-b9f8-49f2e802694c";"EBAY";"listing_status"
"91a82ba6-7713-46b1-9351-1168ebd95d5f";"EBAY";"listing_price"
"9456bb4c-432e-44ed-b928-8c52e37fdae8";"AMAZON";"owner_email_address"
"ce1f26bb-1300-4c54-b282-5602110c81d9";"EBAY";"listing_price"
"d19f5e15-4db4-431f-9048-d1fb1fd1d782";"AMAZON";"upload_time"
"537eed71-ed56-4a0b-8cae-7a2053663bb3";"AMAZON";"upload_time"
"4806eb47-6b68-4ae5-a7a8-285fd4cdfdce";"AMAZON";"listing_status"
"d22a83fd-35b8-4389-a2ce-248c3e1330bc";"AMAZON";"upload_time"
"19409ebf-6922-494b-a009-7593e25f4787";"EBAY";"owner_email_address"
"fbaca3f1-0c47-4bd7-b984-af236d3aecdc";"AMAZON";"owner_email_address"
"f813e25f-46eb-4976-9312-b7e35d9a25ff";"AMAZON";"listing_price"
"0e2db6a9-416a-4475-a99f-0c4c02347426";"AMAZON";"listing_status"
"6affdfdf-aa75-42a1-b737-798a9089bf70";"AMAZON";"listing_status"
"e2d3efd1-b9e4-465b-8340-ee1a07a36d1c";"EBAY";"upload_time"
"0cb89837-387c-44bd-92dd-6acd37e36e7a";"AMAZON";"listing_status"
"9511ab3f-7e56-419e-9d14-57a831c79947";"EBAY";"listing_status"
"5c687dd6-c928-45ba-bfb9-14645cdb6ef0";"EBAY";"listing_price"
"ac753484-da93-4c81-ab3f-c87d2b726fc5";"EBAY";"owner_email_address"
"25145076-59ea-42f9-9bf8-c9faf855b4ce";"AMAZON";"owner_email_address"
"a678477a-4b7f-450d-b159-539caee884aa";"AMAZON";"upload_time"
"87aaaad6-165f-4e5f-9865-722deba3129c";"EBAY";"listing_status"
"6e00be37-a5b2-469d-8f11-db98661286a8";"EBAY";"owner_email_address"
"b0cf491c-16d9-489c-ad39-6060e6b7e58d";"EBAY";"listing_status"
"a6a6ed64-27b5-4d52-a200-de2ada05a487";"AMAZON";"upload_time"
"3810d12d-403a-48ee-b249-7c895f0cd23d";"EBAY";"owner_email_address"
"4b0cfe09-7e87-41b5-a282-68420baaff3f";"EBAY";"upload_time"
"c31f6d49-f9e7-4073-8ee7-b0708755652b";"AMAZON";"listing_status"
"36dea3a8-a5c7-484e-84cb-895d51d67aa2";"EBAY";"upload_time"
"1cf5f7f1-402a-4cd2-b203-4e56b4caabc5";"AMAZON";"listing_status"
"8571383e-59aa-40f0-841a-ddd75b38d1fe";"AMAZON";"listing_status"
"2b061f55-c8d2-4c11-8d66-84354e4fbc06";"EBAY";"upload_time"
"b13ec50d-a0d4-4126-8699-6603d78f96a6";"EBAY";"upload_time"
"6320957d-4e7f-45bf-8e70-03ffb5e71439";"AMAZON";"upload_time"
"e18444ab-f6aa-40f8-b68e-ed944146d943";"AMAZON";"owner_email_address"
"b9469cf7-acf5-4eea-bbba-aedec25d7479";"AMAZON";"owner_email_address"
"add362f0-2e6b-4593-887b-1184aa179180";"AMAZON";"listing_price"
"b6e420ea-5880-4ea3-b265-a3b8fe508289";"AMAZON";"listing_status"
"29c2d3f6-d612-4bf0-af34-5270955d86c7";"AMAZON";"owner_email_address"
"d4d28a1d-4cc3-4f8a-b929-66b6bcb03065";"EBAY";"owner_email_address"
"aead1f5e-a67e-488a-934a-c8703aa6c5d6";"EBAY";"owner_email_address"
"b28f53cf-79a5-46d5-9ccd-203d7bd1ee4c";"AMAZON";"listing_price"
"056ac047-1295-4bfd-b046-9a58271637d2";"EBAY";"listing_status"
"864f4d24-2db4-4ac2-8b22-13f6452cb977";"AMAZON";"owner_email_address"
"c6ae6d99-8ee1-4532-a3e6-1696faeaa96f";"AMAZON";"upload_time"
"2df16b26-705c-408e-8642-535990d54f3b";"EBAY";"listing_status"
"b632d1a8-634c-476c-8ca5-a95d11823354";"AMAZON";"owner_email_address"
"716f22cb-d693-43e2-8445-d091752dadc9";"AMAZON";"upload_time"
"57bd868e-257d-44a9-b442-197a4a47dca3";"AMAZON";"owner_email_address"
"51a9ab15-42a9-4249-bd63-2f78ee41f739";"AMAZON";"upload_time"
"a0b03344-5372-40b7-8008-1069b40a7f35";"EBAY";"listing_status"
"6e5c0d60-4f19-4a3f-8c9b-d4622d894987";"AMAZON";"upload_time"
"9de116fd-c269-47a6-842e-922d29dcca79";"AMAZON";"listing_status"
"a74907c5-08ff-4ffa-b2f6-70d88faec77d";"AMAZON";"upload_time"
"d1096cc2-0f3e-4b1a-9c20-dbb22ae2d22d";"AMAZON";"listing_price"
"4e27c07f-1b1c-45ed-bb7c-f2b124b01a51";"EBAY";"listing_status"
"e8d9584e-3023-4383-9d98-b301435d76a6";"EBAY";"upload_time"
"7cea173e-73b7-4a6d-acc6-861076b8a1ad";"AMAZON";"listing_price"
"c438786b-df1f-45fb-beef-6c4f2960c540";"AMAZON";"owner_email_address"
"094bc4df-802f-4966-93c8-1a454c4db96a";"AMAZON";"owner_email_address"
"4789444d-bc06-481f-a623-72d9ad1aac41";"AMAZON";"listing_status"
"7f58b66d-c7d1-43ce-b9cc-249352ac78b2";"EBAY";"upload_time"
"1f2031d7-4b32-4179-bb4b-878b3aa47f93";"AMAZON";"listing_status"
"c245646f-0bce-4469-a2df-eef5555c5b33";"EBAY";"listing_price"
"64a79e32-c5f1-4034-a824-6e6ff95e47fe";"EBAY";"upload_time"
"7b142654-ed78-497a-9878-1218b790db32";"AMAZON";"owner_email_address"
"b8b50948-48cc-4e9c-bdeb-e97737549658";"AMAZON";"upload_time"
"6b857c4e-5b40-4f0d-9077-204b491f0c23";"AMAZON";"owner_email_address"
"124f137c-8eb5-4d96-8fd8-3a9c36127b79";"AMAZON";"owner_email_address"
"ec10dc74-40ef-492c-8344-ffc323068f80";"AMAZON";"upload_time"
"4d23f8b4-2c1d-4418-bd8d-0d0b2aa34d7f";"AMAZON";"listing_status"
"a6974238-b941-48a0-a1fb-420420d73414";"EBAY";"upload_time"
"65631341-4965-4218-a72e-3e3f3c9817ea";"EBAY";"upload_time"
"45c52bdf-0a68-44c4-9557-f5ee45aa9994";"AMAZON";"listing_status"
"6ac77be9-9ede-427a-870a-fbe6bf96631a";"AMAZON";"listing_status"
"52e64c25-2fe9-4429-acb6-36038cafdd08";"EBAY";"upload_time"
"92d0de65-9202-4359-bb7a-4cbd0fa368ab";"AMAZON";"upload_time"
"ffdb0c46-615f-419c-90cd-fa2da924ef06";"AMAZON";"listing_status"
"a451e418-ab07-47e1-989e-59fc860c37fc";"EBAY";"listing_status"
"5988d103-7236-453d-80f4-2ac0c1a3d521";"AMAZON";"listing_status"
"633f68b3-14be-4bc7-aee0-d67a1db6e796";"EBAY";"owner_email_address"
"67996f2b-22f1-4fcd-a997-3801279074f7";"AMAZON";"owner_email_address"
"f2d36551-6f45-4e3b-b749-5ee57b0dc49a";"EBAY";"listing_status"
"164af19f-095b-4603-bbdf-e5beb1771420";"EBAY";"owner_email_address"
"53bbea20-f214-4c74-bd75-273403ac6a06";"AMAZON";"listing_price"
"f43f3e09-d445-4c91-81a6-70bcb9fb94da";"AMAZON";"owner_email_address"
"3c353fec-86f6-4bf9-a2c0-9ede7bccf86b";"EBAY";"listing_price"
"27af232e-99c7-43de-9a2b-5d2c9eb5b06c";"EBAY";"upload_time"
"8f4e1e5e-5284-4136-bf3a-9feed7bf21fa";"AMAZON";"upload_time"
"346bcb45-699d-44dd-81a5-f44fd54cb13a";"AMAZON";"listing_price"
"f2a8dc1f-e93a-4006-8f91-2a15856069c4";"EBAY";"owner_email_address"
"c3b60754-0031-4943-9909-1a041dce8085";"EBAY";"listing_status"
"2421b6bd-e86a-473d-b588-a27d1bf4f056";"AMAZON";"upload_time"
"286bbf62-9383-46c6-bec2-9a2f570eeb1c";"EBAY";"listing_status"
"64416f1b-7d47-433b-8887-c301a231d556";"EBAY";"upload_time"
"2f145b49-5b95-4241-b013-9c4c3fee04ae";"EBAY";"listing_status"
"dac706a1-8312-40f4-8b47-b799f74b4cf1";"AMAZON";"owner_email_address"
"4620aafe-08a2-406f-8667-1abfd75192b7";"AMAZON";"upload_time"
"025b74ea-cab3-4055-82b2-abc8a3747dd9";"AMAZON";"listing_status"
"c228a52f-30ef-4458-9302-3c583f478b55";"EBAY";"upload_time"
"895b0e67-8e08-4aea-b5d3-5013a8f20646";"AMAZON";"listing_price"
"376ddd6d-ed06-4120-8f6d-4c1aa5d78176";"EBAY";"listing_price"
"223e778a-1497-471e-b263-36188f581c0f";"AMAZON";"upload_time"
"01bd85d1-b828-4b1f-8d60-dcd75fe43069";"AMAZON";"listing_status"
"5b4ca200-e75f-476f-8861-34ac3b8f18ab";"AMAZON";"listing_price"
"48fcbea4-cd12-4f64-b77a-f955bc2ec72b";"AMAZON";"owner_email_address"
"74f1ca07-171d-43f3-a209-0d940f1aa871";"EBAY";"listing_price"
"e46cad58-e6a3-4aaa-802b-6a0bb2ed765a";"EBAY";"listing_status"
"6c955b90-3660-4c23-a049-a1b74c7492c3";"EBAY";"upload_time"
"fdb723fc-f369-4f69-a9f0-134879ee99a3";"AMAZON";"upload_time"
"fcc54314-be86-4a8d-8cfa-0016268359a8";"EBAY";"owner_email_address"
"b7c75906-ce2b-4dfd-8c75-e9b5aa298ec1";"EBAY";"owner_email_address"
"85e21358-707e-4b02-8a3f-626c9bc6606b";"EBAY";"owner_email_address"
"c2750fae-ea89-43ea-ad86-86ac7f6a2dfc";"AMAZON";"listing_price"
"de46a1b9-ef8d-400f-a0e2-3f2626e9a93e";"EBAY";"listing_status"
"1cb7ab50-a74b-4e52-9bc1-3bcdbb7419bf";"EBAY";"listing_price"
"cff26e41-a5d0-4c90-b20c-8d4ae027745e";"EBAY";"listing_price"
"196e8ea2-d1ea-496c-a92f-a9fd63572865";"AMAZON";"upload_time"
"f5534971-6222-48bc-be31-aa60e6decfe0";"AMAZON";"listing_status"
"66993c62-7ca8-47eb-9b7e-e965c3a5c7e6";"AMAZON";"listing_status"
"f0b1a457-df6b-44d5-846c-5000e70bac41";"EBAY";"upload_time"
"cd18ec02-015b-405b-ac80-27cc16620492";"AMAZON";"listing_status"
"a42c0f7d-e37d-4370-8dfe-102b2bbc3c4c";"EBAY";"listing_status"
"c65e25f3-5a12-4bb7-aee6-89ec5011b380";"AMAZON";"listing_price"
"57885489-2516-4b11-9f59-3b70d03fa753";"EBAY";"listing_status"
"2ee91c65-6077-4a17-a6d1-6681e11ca359";"AMAZON";"owner_email_address"
"f4b002e2-290d-49a5-b7d8-f8f88515cd80";"EBAY";"listing_status"
"2513f16f-8e78-4a4a-a941-787450c142cf";"AMAZON";"listing_status"
"ef16d3d0-50d4-4e61-b148-2147d839505f";"EBAY";"owner_email_address"
"097f6d0f-a24f-4652-bcea-bd3cc5ea3e03";"EBAY";"upload_time"
"6972779b-a5ea-4d66-9b96-decb7566de58";"AMAZON";"listing_price"
"72212062-64f4-45d2-9ee0-f00054070a6b";"EBAY";"listing_price"
"584e6423-3b08-44e3-a2a6-3da0fc25999b";"EBAY";"upload_time"
"302fa5ba-1d35-4336-9142-faea81ef7b2c";"AMAZON";"upload_time"
"06f0ed24-c08c-46c2-8861-99bd8c808ded";"EBAY";"listing_price"
"c4947616-3157-4e81-8402-95c49363d308";"AMAZON";"listing_price"
"91987b0c-f1f6-4575-96bd-1c66eaba80dd";"AMAZON";"listing_status"
"2dbcff08-dba3-400d-b2e0-7b61357454bb";"EBAY";"listing_status"
"32d7ade9-3e41-491a-afaa-63609aa2b912";"AMAZON";"listing_price"
"566ab23f-0ff2-402b-8688-b55135920b66";"AMAZON";"upload_time"
"c2dfe76f-84c7-4684-845d-b62cd196c063";"EBAY";"owner_email_address"
"fc98e5c4-cab0-40d9-ad95-58980fc22dc8";"EBAY";"listing_price"
"96cf4284-dd0e-4553-bc7a-507dccca1f8f";"AMAZON";"listing_status"
"ae1497de-53ec-488e-aa4c-a6b934fb9bc6";"AMAZON";"listing_status"
"3f186cc4-01c3-441f-a24a-db8c870f9f00";"AMAZON";"listing_price"
"bab89788-26e4-4825-b165-6dfa84772ab8";"AMAZON";"owner_email_address"
"cc51de26-15af-4e57-b210-4bcc05438ec1";"AMAZON";"listing_status"
"24f7ab66-152f-48e3-9a5f-899fc13ed3e3";"EBAY";"owner_email_address"
"c820bb80-1f5d-45f2-a76e-af8fb99e877b";"AMAZON";"upload_time"
"33e8acc1-9c94-47c3-8088-a2aff6801649";"AMAZON";"listing_status"
"819870cb-3b6d-4e55-a012-3d82c4f8ea33";"EBAY";"listing_status"
"3146b762-9a9d-4af5-82e7-8440706a1929";"EBAY";"upload_time"
"204187ea-6162-4eab-9a0f-85de2c9e80c9";"EBAY";"listing_status"
"932d3586-b6fe-476b-a452-e3e48f27f431";"AMAZON";"listing_status"
"91a15143-fbd1-48f6-a926-a09e7db39613";"EBAY";"listing_status"
"e751b21e-8a5f-4188-aae8-e0e366231fdb";"AMAZON";"owner_email_address"
"abf3b378-4f10-4fe5-9400-baef017319f6";"EBAY";"owner_email_address"
"2c6f976d-5c76-4292-b00e-f8559181ddbf";"AMAZON";"listing_price"
"b382bfce-65bd-42d0-a778-5748c1551cd7";"AMAZON";"listing_status"
"5fdf2dff-fbf6-49f5-a326-5ee1f0e9496e";"AMAZON";"listing_status"
"bdfb4bb3-dadf-48ea-b151-89a89bf48ed5";"EBAY";"owner_email_address"
"5f547dfb-779a-4e17-b76a-e5c19e25b581";"EBAY";"listing_status"
"9411b200-4ab3-4c7b-8d22-381748d41e3b";"AMAZON";"listing_status"
"975257db-b261-48fe-a6f1-be8f9aaab2e5";"EBAY";"upload_time"
"3d4501a0-43c5-4314-9f08-1ba0ee0bf557";"AMAZON";"owner_email_address"
"ae9a2bf2-ffef-481e-9977-e70f4059f18e";"EBAY";"upload_time"
"5265900e-666b-4a41-8588-3419b339b7d0";"AMAZON";"listing_status"
"18c6f981-7c57-4021-b04d-8f7d3e5c5c31";"AMAZON";"upload_time"
"258d2062-aa8d-403b-841f-71b82a6988dd";"AMAZON";"listing_price"
"40a54d9c-695a-4589-b339-f2d65d3f7340";"EBAY";"listing_status"
"2bea7973-0d27-416d-a219-384c68b55ba3";"AMAZON";"listing_status"
"0ab8e2f0-4025-4360-97fb-96ea6ddc6fcb";"AMAZON";"listing_status"
"c37ccd59-7189-4171-9f6f-254a5f37c277";"AMAZON";"owner_email_address"
"02b71060-d8a2-40e3-b6c6-0f88577eaa8a";"EBAY";"owner_email_address"
"c79873ff-0bd3-4738-a5ad-e13e352a946b";"AMAZON";"owner_email_address"
"ac74a4db-bdba-47d3-87ce-c54edc8cf0e3";"EBAY";"listing_status"
"28092b63-3e8b-4418-a33a-02e49ddabc8e";"AMAZON";"listing_price"
"f6a673d0-1e37-4ea7-8727-d5d342a7e26b";"EBAY";"owner_email_address"
"5d45dd00-e7e9-441e-81d9-617ada4e37c4";"AMAZON";"listing_status"
"89f51007-2878-48b4-a070-fd8da47b4adc";"EBAY";"owner_email_address"
"54e08ed0-5de4-4afe-975f-47643fb04010";"EBAY";"listing_status"
"4220d557-1811-4f82-b7c4-13acc783ae1a";"EBAY";"listing_price"
"a84583f0-7a17-4f80-997a-b907543f00ca";"AMAZON";"listing_price"
"d03a1f05-41b2-466c-bb6c-e3fef2ed071e";"AMAZON";"owner_email_address"
"797e243f-e998-46df-9769-6e084efd8860";"EBAY";"listing_price"
"86a1d594-7aec-485b-86c6-b824cbfa538b";"AMAZON";"upload_time"
"42eb0740-475b-4377-85d6-5d512bc358d2";"AMAZON";"listing_price"
"2e0a89c9-399d-4df3-ae65-38ff6d19cb1d";"AMAZON";"upload_time"
"42fe1798-5c7b-411b-bf0d-58bce81cfc0d";"EBAY";"listing_status"
"8777bcbf-b666-4c6d-b67f-575f8638f038";"EBAY";"owner_email_address"
"e445616c-b25a-4274-a46b-dea80fbfdff0";"EBAY";"upload_time"
"493ffb65-77e0-4acf-be71-9d6c594027e4";"AMAZON";"owner_email_address"
"6d7de5d2-24ea-4d5c-b8be-69dfef4302cc";"AMAZON";"upload_time"
"23ec0a03-ae2d-427a-9fca-7dc4ea5bd376";"EBAY";"listing_status"
"76b0f20a-78f4-44d2-a0dd-262865f928da";"AMAZON";"owner_email_address"
"e0967f55-55af-458b-b27f-dbbe960dbceb";"EBAY";"listing_price"
"33b41fb1-1e42-480a-914e-7a978212c64d";"EBAY";"owner_email_address"
"dc47c854-9835-40f6-b2c0-14b8f0d4a657";"AMAZON";"listing_status"
"dd5c00c2-2f14-4e5c-9b33-11bd8b2167ee";"AMAZON";"owner_email_address"
"45f9f836-97ef-41d0-8e8e-b52747109814";"AMAZON";"listing_price"
"f8593ef7-1f03-485e-90bd-98d56221902b";"EBAY";"owner_email_address"
"3724dc30-39c7-4e75-9dea-91f8daab06c4";"AMAZON";"listing_status"
"3cf926ea-5bf9-407c-a90d-99ed478d2efc";"AMAZON";"listing_status"
"34d152e8-7480-46ee-8863-a8213fcc2956";"EBAY";"owner_email_address"
"5ff94aa2-7cb8-407f-935e-d1f510f449f0";"AMAZON";"listing_status"
"d2e255b0-1b47-4d24-a81d-d624d5003d33";"EBAY";"listing_status"
"c7b13c41-5a27-46aa-a0d0-9b24cbe76571";"EBAY";"listing_price"
"7a300167-7cfd-4917-ac13-76f58b07b0bd";"EBAY";"upload_time"
"be0ae2e1-6484-4dff-a287-1e78e40422ae";"AMAZON";"owner_email_address"
"b023bec2-f0c5-4dd1-b64b-bc0bf8133ea9";"EBAY";"listing_price"
"ba6116c2-15b9-40a7-b74e-1e4fe88fc37b";"AMAZON";"listing_price"
"3ff0bc9d-82c2-44b1-bbfa-e579c6b26d30";"AMAZON";"owner_email_address"
"d660c438-786c-443f-810f-850177d87e17";"AMAZON";"owner_email_address"
"3fc07fdd-1b33-41f5-bb0f-dd65e5abd706";"AMAZON";"listing_price"
"2d2ef998-2b45-4ef6-a6bc-1fa4e54ecb66";"EBAY";"listing_status"
"fec68c9b-a90d-416b-ae4c-d35c92a4ac50";"EBAY";"listing_status"
"dc129116-bc02-4f45-9d80-ada6669584c7";"AMAZON";"owner_email_address"
"376ccf2c-afae-42cc-9bc8-675c5b6ee5bc";"AMAZON";"owner_email_address"
"66d376eb-a2ab-44cb-8a5b-93aa9bc6b183";"EBAY";"owner_email_address"
"747233eb-51ba-4f79-b41c-1b0167bf138a";"EBAY";"upload_time"
"cbf85269-f601-4da7-8a75-f21161757a62";"AMAZON";"upload_time"
"7ab50043-24f9-45ef-8225-f17bac862661";"EBAY";"owner_email_address"
"f760f41c-1cf8-43bf-96d7-3b4fb731ea00";"EBAY";"owner_email_address"
"8199cf0e-3e0b-4d2e-b962-5386deb9ddeb";"EBAY";"listing_status"
"f0de1b45-546f-48de-a290-c5f48abce1c5";"AMAZON";"owner_email_address"
"5d06e141-371c-49dd-a800-5b9c51d560ff";"AMAZON";"upload_time"
"12889d64-0a92-4a3b-a47a-d829f6f08fc7";"AMAZON";"upload_time"
"42f34f10-8b5f-4189-aa23-91fc07e84df9";"EBAY";"listing_status"
"ea6a0304-7894-43bd-8e74-075bb6230816";"AMAZON";"listing_status"
"018e4017-27b0-4b1f-891a-710887bdde4a";"EBAY";"owner_email_address"
"b11a3fac-56cf-4574-af41-bbea479eac72";"EBAY";"owner_email_address"
"58d63acc-f7f4-4164-8f89-50e6a977e7e0";"EBAY";"owner_email_address"
"fc8e26c7-9a0f-421e-95aa-07266fc7cf2b";"AMAZON";"listing_status"
"8520ec71-01b4-417d-a561-a60494dd18e3";"AMAZON";"owner_email_address"
"258439e9-dd46-4f7e-9d93-314bff1447ff";"AMAZON";"listing_status"
"99e8c545-702c-4c49-976d-3292a62e7bf7";"EBAY";"listing_price"
"9c24cd04-9c33-4ac0-af6b-48bfc6f23967";"AMAZON";"listing_price"
"bea64e86-78eb-4d1f-9fad-f312431475c4";"EBAY";"listing_status"
"66091d6f-eb6d-43db-93ef-4f70b5117cd1";"AMAZON";"owner_email_address"
"92dfba0e-82a7-47e5-b465-03eda9d1a4d9";"AMAZON";"listing_status"
"9e9fafc1-e47d-4489-ac98-2beedc0c2dc8";"EBAY";"listing_price"
"2d8e759c-0bb7-420e-b94c-6b3e41086790";"AMAZON";"upload_time"
"b9b04bbd-e840-412b-ab11-e6ba2e26cb5a";"EBAY";"upload_time"
"f88c25d6-1849-4f86-ab71-2c265666cade";"EBAY";"owner_email_address"
"ec00138b-f187-4d4f-b0fd-ffc19c9f6e82";"EBAY";"owner_email_address"
"c90c8cb9-869c-45a3-bf43-30cfa8a62aa1";"EBAY";"upload_time"
"ca444007-a346-4387-b3a7-47d9e8c0eca8";"EBAY";"listing_status"
"726c41a1-902b-478a-83a5-1521de07dc54";"EBAY";"upload_time"
"1208e195-a51a-4554-abd9-402d2e53bb66";"EBAY";"owner_email_address"
"d2e09271-f0c5-4462-9dff-ed259e147ae2";"EBAY";"owner_email_address"
"151dded3-3889-4396-ad55-27ea437582e5";"EBAY";"owner_email_address"
"8f8eeb27-098a-41a7-b2df-8be9a91dc826";"AMAZON";"upload_time"
"550d5d2e-cf4e-4b81-9201-490da45c2cd8";"AMAZON";"owner_email_address"
"f143359f-afd5-4004-b3ca-e6cc52faf95f";"EBAY";"listing_price"
"1b147b9b-563b-4431-8f51-470ae6394ecb";"AMAZON";"upload_time"
"9de1bcc7-e568-4fd4-89cc-402203230f9a";"AMAZON";"owner_email_address"
"f06ba2df-d3e7-4f06-a6fc-9882dccddb9c";"EBAY";"owner_email_address"
"a8ffa9b4-59cc-4c7e-81b9-dc800871bf00";"AMAZON";"upload_time"
"5835c19a-c3a9-41e9-bfba-7b31d9978ca5";"EBAY";"upload_time"
"1fa05056-d0fd-4cc5-84ed-907044653d3b";"AMAZON";"owner_email_address"
"b4cc2488-0d6e-4891-97e0-5fe69dc2b6f9";"EBAY";"listing_status"
"26f03bca-737c-48f2-9d1e-8d310ccd89d2";"EBAY";"upload_time"
"d7c6065e-82a7-4e1c-abe6-dd8dced1e7ec";"AMAZON";"owner_email_address"
"ce8a7062-c04a-4ec0-9a49-6c42a8f873ad";"EBAY";"owner_email_address"
"0bd3962a-4deb-48ed-8378-2578942a1e8d";"EBAY";"listing_status"
"b36bbf20-d0a2-4449-b3c5-291339d7ad39";"AMAZON";"listing_status"
"f3c35bfb-12fd-48ef-9178-de1bb52979c3";"EBAY";"listing_status"
"4238c507-0bfb-43f4-8af5-216426b8cdaa";"AMAZON";"owner_email_address"
"25104e7d-2431-46d8-b766-d710124a3a64";"EBAY";"upload_time"
"2bddf4b1-67b2-4ed7-b7c7-17d3d309019c";"EBAY";"listing_price"
"053fe972-8342-4dbb-be79-7558cfd1d59e";"AMAZON";"listing_status"
"08f4f949-3ed9-4e5f-8c85-06eb82ffa0e6";"EBAY";"upload_time"
"a3800133-2a57-407f-a5e0-c77b87e9099b";"AMAZON";"listing_status"
"924267f1-bbfb-4ab7-8046-3fade20dee0a";"AMAZON";"owner_email_address"
"b8f22564-ed8d-419a-af04-0b2980c27f5b";"EBAY";"owner_email_address"
"5f9b30ab-9b8c-4f8c-8e71-fabb8e17e23c";"AMAZON";"owner_email_address"
"c3a40b0b-4750-4d1b-8174-714a0ccd48a2";"EBAY";"owner_email_address"
"0a2920cc-c836-4088-9a44-1b6c1fcf2e35";"EBAY";"upload_time"
"adc5ef89-c192-47fe-bc69-8d101a0e2f70";"AMAZON";"listing_price"
"2bb6b8db-a900-4cea-a409-b63527236440";"EBAY";"owner_email_address"
"9f18207c-85da-4a96-a3a9-c7ba24b76e87";"EBAY";"owner_email_address"
"0e90529f-0a9b-4463-a80f-9a66da191b2d";"EBAY";"owner_email_address"
"e6e92abd-7845-4842-9c33-ce8c8b387af6";"AMAZON";"owner_email_address"
"23588e41-386f-4730-97c1-15fbba069d21";"EBAY";"listing_status"
"8fc9caca-e075-4951-bc91-b4b62f0dc3d3";"EBAY";"listing_status"
"95eff463-93c1-4770-9436-828909e65c83";"AMAZON";"listing_price"
"df2accaf-3394-4c81-be23-39f8426df0c1";"EBAY";"upload_time"
"2a2221fa-64c5-4689-bba1-a73881828ff5";"EBAY";"upload_time"
"8b60b190-7d14-4b3e-b252-d896b44fa4a1";"EBAY";"listing_status"
"cd4e55ab-902d-4112-9d39-a5c43aed0583";"EBAY";"upload_time"
"24ce4b68-320e-4722-9cf1-9781bda0b3af";"EBAY";"listing_status"
"a7a23414-5e53-48e4-8c95-ae2572b2de11";"EBAY";"upload_time"
"aaf4176b-aece-4cc6-aa85-d4857ddadf9f";"AMAZON";"listing_status"
"75a81b17-8d24-4efd-89c3-2404b1b1ffb5";"EBAY";"listing_status"
"33c3540a-46d7-4c4e-b67a-a84e0b8d43eb";"EBAY";"owner_email_address"
"d05eba30-6c52-4023-8356-07981ddf1756";"AMAZON";"owner_email_address"
"d1967030-b99d-4473-8046-0e0ce287f9ab";"AMAZON";"upload_time"
"502fb6b4-66e2-437c-a8ff-74fc1b122263";"EBAY";"owner_email_address"
"d8533f96-ddf5-409e-888e-e5a90257212e";"EBAY";"listing_price"
"775ce964-ee36-4cca-badb-1adee41470ea";"AMAZON";"owner_email_address"
"a7aaebc5-1b51-47b0-8ddf-d86075f90c17";"EBAY";"owner_email_address"
"d1c08a01-7f52-4eba-baeb-370071f914a1";"EBAY";"listing_status"
"30cb3053-2d90-486e-8956-cde4dda17c21";"EBAY";"listing_status"
"8ec6d207-53aa-4821-9823-6501a85ab71d";"AMAZON";"owner_email_address"
"d3d664c6-735f-4b68-9b54-f733585260fe";"AMAZON";"listing_price"
"5330134c-e443-429f-8383-fd1e98d1ed8b";"AMAZON";"listing_status"
"37d292f6-4695-4fec-b1a5-ee9825a9a9cd";"AMAZON";"owner_email_address"
"5c91e36f-5127-4f46-90f4-88c21dc20edf";"AMAZON";"owner_email_address"
"d2a32a55-4788-4dae-a94a-b028eb362e55";"EBAY";"listing_status"
"a4468e1b-37c6-4ea1-8a7e-a0605e066321";"AMAZON";"listing_price"
"2e9b52c8-3ee2-45aa-878f-0f973a70d305";"AMAZON";"listing_status"
"6e635e8b-9e41-4a10-b7a4-989584b89541";"EBAY";"listing_status"
"8b9950a1-7e7b-44bc-ac2c-2284fd8e411a";"EBAY";"listing_price"
"972be5f0-165b-43c3-a43b-a0ed6212b141";"EBAY";"listing_status"
"6df5d394-467b-43af-b6b7-835ba6a18afd";"AMAZON";"upload_time"
